{
  "numpy": "2.2.6",
  "scipy": "1.16.1",
  "nibabel": "5.3.2",
  "checkpoints": {
    "u_mprage_S1": {
      "shape": [
        100
      ],
      "dtype": "float64",
      "n_nan": 0,
      "sum": 0.726987776398508,
      "min": -0.007304345994147006,
      "max": 0.08500346136049153
    },
    "u_mprage_S2": {
      "shape": [
        100
      ],
      "dtype": "float64",
      "n_nan": 0,
      "sum": 3.9690000544379407,
      "min": 0.015794515469345013,
      "max": 0.10085231564297874
    },
    "u_mp2rage_lut_I": {
      "shape": [
        98
      ],
      "dtype": "float64",
      "n_nan": 0,
      "sum": -6.584684190709612,
      "min": -0.5,
      "max": 0.5
    },
    "u_mp2rage_lut_T": {
      "shape": [
        98
      ],
      "dtype": "float64",
      "n_nan": 0,
      "sum": 252.35000000000002,
      "min": 0.15000000000000002,
      "max": 5.0
    },
    "u_sa2rage_lut_B1": {
      "shape": [
        500
      ],
      "dtype": "float64",
      "n_nan": 0,
      "sum": 626.25,
      "min": 0.005,
      "max": 2.5
    },
    "u_sa2rage_lut_I": {
      "shape": [
        500
      ],
      "dtype": "float64",
      "n_nan": 0,
      "sum": 5.72936696779945,
      "min": -0.6942436296603448,
      "max": 0.9999785076982228
    },
    "u_pchip_x": {
      "shape": [
        6
      ],
      "dtype": "float64",
      "n_nan": 0,
      "sum": 12.0,
      "min": 0.0,
      "max": 5.0
    },
    "u_pchip_y": {
      "shape": [
        6
      ],
      "dtype": "float64",
      "n_nan": 0,
      "sum": 0.75,
      "min": -0.5,
      "max": 0.8
    },
    "u_pchip_q": {
      "shape": [
        41
      ],
      "dtype": "float64",
      "n_nan": 0,
      "sum": 102.5,
      "min": -0.5,
      "max": 5.5
    },
    "u_pchip_out": {
      "shape": [
        41
      ],
      "dtype": "float64",
      "n_nan": 8,
      "sum": 0.0076001817792973325,
      "min": -0.4984125,
      "max": 0.6416624999999992
    },
    "u_interp_dec_out": {
      "shape": [
        51
      ],
      "dtype": "float64",
      "n_nan": 10,
      "sum": 91.84112846323633,
      "min": 0.36073213576896607,
      "max": 4.992003131565113
    },
    "u_build_B1_vector": {
      "shape": [
        38
      ],
      "dtype": "float64",
      "n_nan": 0,
      "sum": 35.34,
      "min": 0.005,
      "max": 1.8550000000000002
    },
    "u_build_MP2RAGE_vector": {
      "shape": [
        100
      ],
      "dtype": "float64",
      "n_nan": 0,
      "sum": 4.107825191113079e-15,
      "min": -0.5,
      "max": 0.5
    },
    "u_T1matrix": {
      "shape": [
        38,
        100
      ],
      "dtype": "float64",
      "n_nan": 0,
      "sum": 8881.30580590919,
      "min": 0.5015833890249815,
      "max": 4.9319891407214485
    },
    "u_gauss_in": {
      "shape": [
        6,
        5,
        4
      ],
      "dtype": "float32",
      "n_nan": 0,
      "sum": 0.20008456613868475,
      "min": -1.4999706745147705,
      "max": 0.7498046159744263
    },
    "u_gauss_out": {
      "shape": [
        6,
        5,
        4
      ],
      "dtype": "float32",
      "n_nan": 0,
      "sum": 0.20008441479876637,
      "min": -0.2703545093536377,
      "max": 0.2903543710708618
    },
    "u_gauss64_in": {
      "shape": [
        6,
        5,
        4
      ],
      "dtype": "float64",
      "n_nan": 0,
      "sum": 0.20008464565231665,
      "min": -1.499970619748022,
      "max": 0.7498046027682046
    },
    "u_gauss64_out": {
      "shape": [
        6,
        5,
        4
      ],
      "dtype": "float64",
      "n_nan": 0,
      "sum": 0.20008464565231648,
      "min": -0.2703545048208159,
      "max": 0.29035439550280717
    },
    "u_morph_in": {
      "shape": [
        10,
        9,
        8
      ],
      "dtype": "bool",
      "n_nan": 0,
      "sum": 117.0,
      "min": 0.0,
      "max": 1.0
    },
    "u_morph_closed": {
      "shape": [
        10,
        9,
        8
      ],
      "dtype": "bool",
      "n_nan": 0,
      "sum": 119.0,
      "min": 0.0,
      "max": 1.0
    },
    "u_morph_filled": {
      "shape": [
        10,
        9,
        8
      ],
      "dtype": "bool",
      "n_nan": 0,
      "sum": 119.0,
      "min": 0.0,
      "max": 1.0
    },
    "v_uni": {
      "shape": [
        24,
        20,
        18
      ],
      "dtype": "float64",
      "n_nan": 0,
      "sum": 6934789.0,
      "min": 256.0,
      "max": 2979.0
    },
    "v_inv2": {
      "shape": [
        24,
        20,
        18
      ],
      "dtype": "float64",
      "n_nan": 0,
      "sum": 1989350.4099990935,
      "min": 5.0,
      "max": 720.0
    },
    "v_sa2rage": {
      "shape": [
        9,
        8,
        7,
        2
      ],
      "dtype": "float64",
      "n_nan": 0,
      "sum": 40032.11828632995,
      "min": 3.0527495631622403,
      "max": 58.40971053166156
    },
    "v_b1map_tfl": {
      "shape": [
        9,
        8,
        7
      ],
      "dtype": "float64",
      "n_nan": 0,
      "sum": 299889.01555003005,
      "min": 529.3029697366773,
      "max": 856.7820292922196
    },
    "v_uncorr_T1_s": {
      "shape": [
        24,
        20,
        18
      ],
      "dtype": "float64",
      "n_nan": 0,
      "sum": 34588.01693079726,
      "min": 1.1242192467557375,
      "max": 4.975003683524652
    },
    "v_mask": {
      "shape": [
        24,
        20,
        18
      ],
      "dtype": "bool",
      "n_nan": 0,
      "sum": 2780.0,
      "min": 0.0,
      "max": 1.0
    },
    "v_b1_lowres_post_gauss": {
      "shape": [
        9,
        8,
        7
      ],
      "dtype": "float32",
      "n_nan": 0,
      "sum": 374.8599718809128,
      "min": 0.6690340042114258,
      "max": 0.9370226860046387
    },
    "v_b1_resampled_mp": {
      "shape": [
        24,
        20,
        18
      ],
      "dtype": "float32",
      "n_nan": 3240,
      "sum": 4082.728347659111,
      "min": 0.6700295805931091,
      "max": 0.9370226860046387
    },
    "v_ratio_resampled_mp": {
      "shape": [
        24,
        20,
        18
      ],
      "dtype": "float32",
      "n_nan": 51,
      "sum": 1230.9820537567139,
      "min": 0.0,
      "max": 0.5663098692893982
    },
    "v_corr_T1_ms": {
      "shape": [
        24,
        20,
        18
      ],
      "dtype": "float64",
      "n_nan": 0,
      "sum": 5024087.165151559,
      "min": 0.0,
      "max": 3480.967997835077
    },
    "v_corr_B1": {
      "shape": [
        24,
        20,
        18
      ],
      "dtype": "float64",
      "n_nan": 0,
      "sum": 2244.0098396924695,
      "min": 0.0,
      "max": 1.3767720407480923
    },
    "v_corr_UNI": {
      "shape": [
        24,
        20,
        18
      ],
      "dtype": "float64",
      "n_nan": 0,
      "sum": 5761468.0,
      "min": 0.0,
      "max": 3033.0
    },
    "v_b1map_grid_mp": {
      "shape": [
        24,
        20,
        18
      ],
      "dtype": "float32",
      "n_nan": 3240,
      "sum": 4082.741707742214,
      "min": 0.6700332164764404,
      "max": 0.9370236992835999
    },
    "v_b1map_corr_T1_ms": {
      "shape": [
        24,
        20,
        18
      ],
      "dtype": "float64",
      "n_nan": 0,
      "sum": 4853816.970509704,
      "min": 0.0,
      "max": 2135.2738492241533
    },
    "v_b1map_corr_UNI": {
      "shape": [
        24,
        20,
        18
      ],
      "dtype": "float64",
      "n_nan": 0,
      "sum": 5717997.0,
      "min": 0.0,
      "max": 3043.0
    }
  },
  "MP2RAGE": {
    "B0": 7.0,
    "TR": 4.3,
    "TIs": [
      0.84,
      2.37
    ],
    "FlipDegrees": [
      5.0,
      6.0
    ],
    "NZslices": [
      64,
      128
    ],
    "TRFLASH": 0.007,
    "inv_eff": 0.96
  },
  "SA2RAGE": {
    "TR": 2.4,
    "TRFLASH": 0.005,
    "TIs": [
      0.15,
      1.5
    ],
    "FlipDegrees": [
      6.0,
      6.0
    ],
    "NZslices": [
      24,
      24
    ],
    "averageT1": 1.5
  }
}